S22,F,26,Student CS,,Raveler
S23,F,26,Administrative Assistant,,Raveler
S31,F,28,Biomedical Engineer,,Raveler
S33,F,31,Mother,,Raveler
S38,M,29,Fellow Research BWH,,Raveler
S41,M,,Scientist,,Raveler
S46,F,39,Admin,,Raveler
S51,F,26,Law Student,,Raveler
S54,F,32,Economist,,Raveler
S1,F,28,Student,,Mojo
S12,F,34,Post Doc,,Mojo
S14,F,27,Social Worker,,Mojo
S21,M,37,Economist,,Mojo
S36,M,30,Student (applied Physics),,Mojo
S42,M,23,Medical Student,,Mojo
S49,F,40,HR Consultant,,Mojo
S52,F,20,Student,,Mojo
S60,F,23,CS Grad Student,,Mojo
S11,M,22,Graduate Student CS,,Dojo
S13,F,23,Research Assistant,,Dojo
S18,M,27,Graduate Student Environmental Engineering,,Dojo
S37,M,27,Student (Public Policy),,Dojo
S40,F,,unemployed (trained Software Engineer),,Dojo
S43,M,30,Software Developer,,Dojo
S5,F,20,Student,,Dojo
S50,M,24,Grad Student (Applied Physics),,Dojo
S53,M,31,Instructor HMS,,Dojo
S62,M,23,PhD Student in CS,,Dojo
Expert1,,,,,ITKSnap
Expert2,,,,,ITKSnap
